{"train": [5.795993651782406, 5.180017268436503, 4.8997763303023305, 4.702493632213473, 4.551064909229047, 4.430434642201117, 4.332777332817219, 4.252059016560257, 4.185339510936578, 4.1330208560250465, 4.090963757198282, 4.0601965874643255, 4.038706159256089], "val": [5.27547379902431, 5.107515982219151, 5.043273772512164, 5.008417998041425, 4.968962158475604, 4.903499518121992, 4.958398733820234, 4.922269991465977, 4.904745561735971, 4.9224143368857245, 4.950755970818656, 4.927367959703718, 4.928547314235142]}