{"train": [5.796844297544513, 5.196548317612095, 4.93376934993595, 4.741239174313829, 4.592624620680464, 4.4731098902355155, 4.3766508746131905, 4.29709998476757, 4.23169692891268, 4.180350644574742, 4.139774173936703, 4.109130836799216, 4.088146311460362], "val": [5.275549377713885, 5.120466981615339, 5.057277321815491, 5.057097962924412, 5.033024242946079, 4.958079780851092, 5.015627213886806, 5.016081367220197, 5.015072635241917, 4.998220716203962, 5.014953817640032, 5.008925148418972, 5.0294974361147196]}