{"train": [2.031710407173688, 1.672315949758127, 1.5838872738102503, 1.539269956359333, 1.5105325434417614, 1.490701572273105, 1.4772171605560207, 1.4677521161305869, 1.4614549498580998, 1.4575445962942548], "val": [1.7781860644210692, 1.6454132429010084, 1.5961957535204156, 1.567631386122027, 1.5437127017618801, 1.5297741558892777, 1.5189749769682448, 1.512515940452567, 1.5105495532992788, 1.5079115140307984]}