{"train": [2.1763875501871586, 1.8902935913232413, 1.7933256714370398, 1.7448238514444758, 1.7138542811230388, 1.6923806972182012, 1.676921859348906, 1.6659294909888844, 1.6582712627330507, 1.653098923877495], "val": [1.9801269103438603, 1.8181046923983035, 1.762049156862179, 1.7300747204347289, 1.7075304908358044, 1.6929959674322488, 1.6815550943546635, 1.6724954607293634, 1.6721713057473635, 1.6677765499100747]}